{
  "flat": {
    "single": 0.19755469755469757,
    "single_se": 0.010100105094856,
    "multi": 0.06325949464247337,
    "multi_se": 0.008681985108157906
  },
  "flat+spkfilter": {
    "single": 0.510939510939511,
    "single_se": 0.012680621092330667,
    "multi": 0.29753819411340876,
    "multi_se": 0.016046518663592937
  },
  "compose@0.5": {
    "single": 0.510939510939511,
    "single_se": 0.007321160001148758,
    "multi": 0.2889487536090746,
    "multi_se": 0.009169500535748488
  },
  "compose@1.0": {
    "single": 0.510939510939511,
    "single_se": 0.007321160001148758,
    "multi": 0.2975381941134087,
    "multi_se": 0.009264461869981738
  }
}