{
  "single": 0.19755469755469757,
  "multi": 0.06325949464247337,
  "k": 5,
  "n1": 1554,
  "nM": 423
}