{
  "before": 0.04151062178457203,
  "after": -0.0004686352016336286,
  "chance": 0.00447213595499958,
  "preserved": 0.04150488233796097,
  "max_delta": 0.0,
  "n_conv": 10
}