{
  "tile_baseline": [
    128,
    128
  ],
  "tops_w_128_sim": 23.64715853064316,
  "tops_w_per_head_sim": 23.64715853064316,
  "tops_w_margin_adjusted_range": [
    7.094147559192948,
    11.82357926532158
  ],
  "energy_breakdown_pJ_128": {
    "static_pJ": 50.0,
    "cell_dyn_pJ": 55.70560000000001,
    "adc_pJ": 1280,
    "total_pJ": 1385.7056
  },
  "snr_vs_sigma": [
    [
      0.01,
      25.891936760110283,
      25.08645599530794,
      26.542351215490203
    ],
    [
      0.03,
      22.290042628980565,
      21.343843732915133,
      23.053658004463383
    ],
    [
      0.05,
      18.952140956838043,
      18.293727298047415,
      19.706431192454453
    ],
    [
      0.1,
      13.561383633145738,
      12.234150638628957,
      14.502269850919546
    ]
  ],
  "tops_w_vs_tile_size": [
    [
      32,
      5.4835365383462,
      373.4816,
      2.0479999999999996
    ],
    [
      64,
      11.637580292485122,
      703.9264000000001,
      8.191999999999998
    ],
    [
      128,
      23.64715853064316,
      1385.7056,
      32.767999999999994
    ],
    [
      256,
      46.269049552841715,
      2832.8224,
      131.07199999999997
    ],
    [
      512,
      86.49776443613584,
      6061.2896,
      524.2879999999999
    ]
  ],
  "vs_paper_extrap_30_50_ratio": [
    0.47294317061286323,
    0.7882386176881053
  ],
  "vs_hydar_1574_ratio": 0.01502360770688892,
  "self_consistent_with_paper": false
}